firma,website
Pisa Immobilienmanagement GmbH & Co. KG,https://pisa-immobilien.de
Wöber Immobilien GmbH,https://woeber.immo
SAXOWERT Immobilien GmbH & Co. KG,https://saxowert.de
accept-immobilien GmbH,https://accept-immobilien.de
Willuhn Immobilien e.K.,https://willuhn-immobilien.de
Koengeter Immobilien,https://koengeter-immobilien.de
RENNERT Immobilien,https://rennert-immobilien.de
Wohnsitz LE GmbH,https://wohnsitz-le.de
Neitemeier Real Estate,https://neitemeier-realestate.de
von Lewinski Immobilien,https://von-lewinski.de
Poschmann Immobilien OHG,https://poschmann-immobilien.com
LE APIS Immobilien,https://le-apis-exclusiv.de
Immo Aslani,https://immo-aslani.de
Schicketanz & Lajosfalvi Immobilien GbR,https://schicketanz.de
Specht Immobilien,https://immobilienspecht.de
Sebastian Steinbach Immobilien,https://steinbach-immobilienservice.de
FairMakler Immobilien Leipzig,https://fairmakler-immobilien-leipzig.de
